{
  "meta_title": "Santa Mamitaria - Congelados",
  "meta_description": "Santa Mamitaria - Congelados",
  "sections": [
    {
      "type": "banner-slider",
      "autoplay": 9000,
      "slides": [
        {
          "img": "/img/uploads/rect89.webp",
          "link": "/headset",
          "alt": "Headset banner",
          "start": "2020-04-11T05:54:06.750Z",
          "end": "2020-12-31T03:00:00.000Z"
        },
        {
          "img": "/img/uploads/banner2.webp",
          "alt": "Banner sample two",
          "start": "",
          "end": ""
        }
      ]
    },
    {
      "type": "info-bar",
      "enabled": true
    },
    {
      "type": "collection-shelf",
      "shuffle": false,
      "collection_id": "6106b69b33f3ce442f7ffd54:categories:Nossos Pratos:/nossos-pratos",
      "limit": 24,
      "page": 1,
      "sort": "news",
      "headless": true
    },
    {
      "type": "page-title",
      "title": "Santa Marmitaria",
      "description": ""
    }
  ]
}